<application>
  <component name="GitRememberedInputs">
    <option name="visitedUrls">
      <list>
        <UrlAndUserName>
          <option name="url" value="https://github.students.cs.ubc.ca/CPSC210/NewYearsResolutions.git" />
          <option name="userName" value="" />
        </UrlAndUserName>
        <UrlAndUserName>
          <option name="url" value="https://github.students.cs.ubc.ca/cpsc210-2019w-t1/lab2_s9b3b.git" />
          <option name="userName" value="" />
        </UrlAndUserName>
        <UrlAndUserName>
          <option name="url" value="https://github.students.cs.ubc.ca/cpsc210-2019w-t1/Lab1-PhotoViewer.git" />
          <option name="userName" value="" />
        </UrlAndUserName>
        <UrlAndUserName>
          <option name="url" value="https://github.students.cs.ubc.ca/cpsc210-2019w-t1/lab1_s9b3b.git" />
          <option name="userName" value="" />
        </UrlAndUserName>
        <UrlAndUserName>
          <option name="url" value="https://github.students.cs.ubc.ca/cpsc210-2019w-t1/project_s9b3b.git" />
          <option name="userName" value="" />
        </UrlAndUserName>
        <UrlAndUserName>
          <option name="url" value="https://github.students.cs.ubc.ca/CPSC210/B02-SpaceInvadersBase.git" />
          <option name="userName" value="" />
        </UrlAndUserName>
        <UrlAndUserName>
          <option name="url" value="https://github.students.cs.ubc.ca/cpsc210-2019w-t1/lab3_s9b3b.git" />
          <option name="userName" value="" />
        </UrlAndUserName>
        <UrlAndUserName>
          <option name="url" value="https://github.students.cs.ubc.ca/cpsc210-2019w-t1/lab4_s9b3b.git" />
          <option name="userName" value="" />
        </UrlAndUserName>
        <UrlAndUserName>
          <option name="url" value="https://github.students.cs.ubc.ca/CPSC210/SimpleDrawingPlayer-Starter.git" />
          <option name="userName" value="" />
        </UrlAndUserName>
        <UrlAndUserName>
          <option name="url" value="http://github.students.cs.ubc.ca" />
          <option name="userName" value="mtuntang" />
        </UrlAndUserName>
        <UrlAndUserName>
          <option name="url" value="https://github.students.cs.ubc.ca/cpsc210-2019w-t1/lab5_s9b3b.git" />
          <option name="userName" value="" />
        </UrlAndUserName>
        <UrlAndUserName>
          <option name="url" value="https://github.students.cs.ubc.ca/cpsc210-2019w-t1/lab6_s9b3b.git" />
          <option name="userName" value="" />
        </UrlAndUserName>
        <UrlAndUserName>
          <option name="url" value="https://github.students.cs.ubc.ca/cpsc210-2019w-t1/lab7_s9b3b.git" />
          <option name="userName" value="" />
        </UrlAndUserName>
        <UrlAndUserName>
          <option name="url" value="https://github.students.cs.ubc.ca/cpsc210-2019w-t1/lab9_s9b3b.git" />
          <option name="userName" value="" />
        </UrlAndUserName>
        <UrlAndUserName>
          <option name="url" value="https://github.students.cs.ubc.ca/CPSC210/D3-MessyZooStarter.git" />
          <option name="userName" value="" />
        </UrlAndUserName>
        <UrlAndUserName>
          <option name="url" value="https://github.students.cs.ubc.ca/CPSC210/D3_SquareLSP_LecLabStarter.git" />
          <option name="userName" value="" />
        </UrlAndUserName>
        <UrlAndUserName>
          <option name="url" value="https://github.students.cs.ubc.ca/cpsc210-2019w-t1/lab10_s9b3b.git" />
          <option name="userName" value="" />
        </UrlAndUserName>
        <UrlAndUserName>
          <option name="url" value="https://github.students.cs.ubc.ca/CPSC210/D6-ObservableLecLabStarter.git" />
          <option name="userName" value="" />
        </UrlAndUserName>
        <UrlAndUserName>
          <option name="url" value="https://github.students.cs.ubc.ca/CPSC210/D6-ObservableLecLabSolution.git" />
          <option name="userName" value="" />
        </UrlAndUserName>
      </list>
    </option>
    <option name="cloneParentDir" value="C:\Users\miket\OneDrive\UBC\UBCV\Year 2\TERM 1\CPSC 210" />
  </component>
  <component name="Vcs.Log.App.Settings">
    <option name="SHOW_DIFF_PREVIEW" value="true" />
  </component>
</application>